second,track_angle,altitude,groundspeed,on_taxiway
6464.0,158.69766583040501,6446.1875,264.64453125,0.0
6465.0,158.675693330617,6430.1875,264.0,0.0
6466.0,158.653720830829,6414.640625,263.64453125,0.0
6467.0,158.647160194296,6402.640625,262.64453125,0.0
6468.0,158.66556538149598,6390.1875,262.0,0.0
6469.0,158.68753788128402,6374.1875,261.64453125,0.0
6470.0,158.709510381072,6358.1875,261.0,0.0
6471.0,158.700659154351,6341.734375,260.64453125,0.0
6472.0,158.641876280162,6322.640625,260.0,0.0
6473.0,158.575958780799,6310.1875,259.64453125,0.0
6474.0,158.510041281436,6294.1875,259.0,0.0
6475.0,158.186871113563,6278.1875,258.64453125,0.0
6476.0,158.19402292385402,6262.1875,258.0,0.0
6477.0,158.259940423217,6246.1875,257.64453125,0.0
6478.0,158.325857922581,6230.640625,257.0,0.0
6479.0,158.384069490317,6217.734375,256.64453125,0.0
6480.0,158.42979814618602,6198.640625,255.64453125,0.0
6481.0,158.473743145762,6185.734375,254.64453125,0.0
6482.0,158.21419988706498,6165.734375,254.0,0.0
6483.0,158.233198930212,6145.28125,253.64453125,0.0
6484.0,158.33771046027002,6121.734375,252.64453125,0.0
6485.0,158.447572959209,6100.828125,251.64453125,0.0
6486.0,158.253947199875,6072.375,251.0,0.0
6487.0,158.642352000658,6040.375,250.64453125,0.0
6488.0,159.164333039662,6008.828125,250.0,0.0
6489.0,158.78120027273002,5981.28125,250.0,0.0
6490.0,157.950387993595,5957.734375,250.0,0.0
6491.0,158.192993816712,5938.1875,249.64453125,0.0
6492.0,158.174571444397,5922.640625,249.0,0.0
6493.0,158.390169703518,5911.09375,248.64453125,0.0
6494.0,159.260808230494,5902.1875,247.64453125,0.0
6495.0,159.793085164155,5886.1875,246.64453125,0.0
6496.0,159.458112328226,5870.640625,246.0,0.0
6497.0,158.996689832682,5857.734375,245.64453125,0.0
6498.0,158.535267337138,5838.1875,244.64453125,0.0
6499.0,158.328140585293,5822.640625,244.0,0.0
6500.0,158.229461666779,5810.640625,243.64453125,0.0
6501.0,157.838091396377,5798.640625,243.0,0.0
6502.0,158.005633891211,5787.546875,242.64453125,0.0
6503.0,158.138303051002,5781.734375,241.64453125,0.0
6504.0,158.05876270905702,5762.1875,241.0,0.0
6505.0,157.948900210118,5745.734375,240.64453125,0.0
6506.0,158.142525969452,5726.640625,240.0,0.0
6507.0,158.204022127859,5713.28125,239.64453125,0.0
6508.0,158.113692866551,5690.1875,239.0,0.0
6509.0,158.00383835463498,5674.640625,238.64453125,0.0
6510.0,157.893983842718,5661.734375,238.0,0.0
6511.0,157.910381161647,5642.640625,237.64453125,0.0
6512.0,158.294711775496,5631.09375,236.64453125,0.0
6513.0,158.43065753893498,5622.1875,235.64453125,0.0
6514.0,158.215051292791,5606.640625,234.64453125,0.0
6515.0,158.066970269746,5594.640625,233.64453125,0.0
6516.0,158.106132924702,5583.09375,233.0,0.0
6517.0,158.17205042406601,5575.09375,232.64453125,0.0
6518.0,158.23796792342898,5566.640625,231.64453125,0.0
6519.0,158.507196569911,5554.1875,230.64453125,0.0
6520.0,159.26918762998002,5539.09375,229.64453125,0.0
6521.0,160.71109517739401,5530.640625,228.64453125,0.0
6522.0,161.945641969156,5518.640625,227.2890625,0.0
6523.0,163.638924414998,5505.28125,225.64453125,0.0
6524.0,165.569544767466,5481.28125,224.64453125,0.0
6525.0,167.221553081152,5457.734375,223.64453125,0.0
6526.0,169.1289859018,5436.828125,222.64453125,0.0
6527.0,170.888877258267,5409.734375,221.2890625,0.0
6528.0,173.078953887831,5389.28125,219.64453125,0.0
6529.0,175.645553715091,5365.28125,218.2890625,0.0
6530.0,177.95672903538798,5341.734375,216.64453125,0.0
6531.0,180.492505136139,5321.28125,215.2890625,0.0
6532.0,183.329901599005,5297.734375,213.2890625,0.0
6533.0,185.29776241318902,5277.28125,211.64453125,0.0
6534.0,187.42492023171502,5253.734375,210.2890625,0.0
6535.0,189.466184039078,5233.734375,208.2890625,0.0
6536.0,192.037496414472,5213.28125,206.2890625,0.0
6537.0,194.39262472136798,5189.734375,204.64453125,0.0
6538.0,196.69968927695302,5169.28125,203.2890625,0.0
6539.0,199.14841752663799,5145.28125,201.64453125,0.0
6540.0,201.686556636705,5121.28125,200.64453125,0.0
6541.0,204.235302715912,5097.28125,199.2890625,0.0
6542.0,205.87358402030102,5073.734375,197.64453125,0.0
6543.0,207.863810619714,5053.28125,196.2890625,0.0
6544.0,210.214173767105,5029.28125,194.64453125,0.0
6545.0,212.609128321841,5005.28125,193.2890625,0.0
6546.0,215.004082876578,4981.734375,191.64453125,0.0
6547.0,217.368213704805,4961.734375,190.2890625,0.0
6548.0,219.68241288556598,4941.734375,188.64453125,0.0
6549.0,221.68598918287898,4921.28125,187.64453125,0.0
6550.0,223.641501728882,4897.734375,186.64453125,0.0
6551.0,225.604720206511,4877.28125,185.2890625,0.0
6552.0,227.580421596009,4853.28125,183.64453125,0.0
6553.0,229.557906641799,4829.28125,182.64453125,0.0
6554.0,231.838879945863,4805.28125,181.64453125,0.0
6555.0,233.86442874296299,4782.1875,180.2890625,0.0
6556.0,236.14540204702598,4766.640625,178.2890625,0.0
6557.0,238.17095084412702,4754.640625,176.2890625,0.0
6558.0,239.844947631645,4743.09375,173.93359375,0.0
6559.0,241.82831044751597,4735.546875,170.93359375,0.0
6560.0,243.947117397765,4731.546875,168.2890625,0.0
6561.0,246.38189820034302,4728.453125,165.93359375,0.0
6562.0,247.65078972114102,4731.546875,162.93359375,0.0
6563.0,249.28816716347998,4727.546875,160.2890625,0.0
6564.0,251.553751153784,4723.546875,158.2890625,0.0
6565.0,252.994295934128,4719.546875,156.2890625,0.0
6566.0,253.38018468572497,4715.546875,154.2890625,0.0
6567.0,253.31068799349097,4711.546875,152.64453125,0.0
6568.0,254.091109412897,4707.09375,151.2890625,0.0
6569.0,254.71045017166801,4698.640625,149.64453125,0.0
6570.0,254.674750662584,4687.09375,148.64453125,0.0
6571.0,254.496688061116,4678.640625,147.64453125,0.0
6572.0,254.243727988448,4667.09375,146.64453125,0.0
6573.0,254.58704249456102,4658.1875,146.0,0.0
6574.0,254.72299624502202,4642.640625,146.0,0.0
6575.0,254.453456464511,4631.09375,145.64453125,0.0
6576.0,254.048472549621,4622.640625,145.0,0.0
6577.0,253.934491298948,4610.1875,144.64453125,0.0
6578.0,253.565085541312,4595.09375,144.0,0.0
6579.0,253.55898733342002,4586.1875,143.64453125,0.0
6580.0,253.168737126427,4570.640625,143.0,0.0
6581.0,252.70733060492802,4558.640625,142.64453125,0.0
6582.0,252.54941234170101,4546.640625,142.0,0.0
6583.0,252.558103729003,4535.09375,141.64453125,0.0
6584.0,252.315268982813,4526.640625,141.0,0.0
6585.0,252.029626485572,4515.09375,140.64453125,0.0
6586.0,252.047472246603,4507.09375,140.0,0.0
6587.0,251.56034676378997,4499.09375,139.64453125,0.0
6588.0,251.064474161424,4490.640625,139.0,0.0
6589.0,251.18806366965902,4479.09375,139.0,0.0
6590.0,250.80080416397004,4471.09375,138.64453125,0.0
6591.0,250.409888335188,4462.640625,138.0,0.0
6592.0,250.472255707078,4451.546875,137.64453125,0.0
6593.0,250.300602447533,4447.09375,137.0,0.0
6594.0,250.08088543667702,4439.09375,137.0,0.0
6595.0,250.08759736782199,4430.640625,136.64453125,0.0
6596.0,249.714055673336,4419.09375,136.0,0.0
6597.0,249.578101922875,4411.09375,136.0,0.0
6598.0,249.793700181996,4403.546875,135.64453125,0.0
6599.0,249.784697660664,4399.546875,135.0,0.0
6600.0,249.474074777216,4394.640625,135.0,0.0
6601.0,249.42601102590598,4383.546875,135.0,0.0
6602.0,249.42601102590598,4378.640625,135.0,0.0
6603.0,249.42601102590598,4366.640625,135.0,0.0
6604.0,249.12252276763402,4354.1875,135.35546875,0.0
6605.0,249.074459016323,4338.1875,136.0,0.0
6606.0,249.074459016323,4322.640625,136.0,0.0
6607.0,248.974281905169,4310.1875,136.0,0.0
6608.0,249.01531519802003,4294.1875,136.0,0.0
6609.0,249.08122471036097,4278.640625,136.0,0.0
6610.0,248.84364596442902,4266.640625,135.64453125,0.0
6611.0,248.38551604657903,4254.640625,135.0,0.0
6612.0,248.395020137425,4243.09375,135.0,0.0
6613.0,248.482910136576,4233.734375,135.0,0.0
6614.0,248.570800135727,4214.1875,134.64453125,0.0
6615.0,248.33208408172501,4198.640625,134.0,0.0
6616.0,248.31134379908403,4186.640625,133.64453125,0.0
6617.0,248.333316298871,4174.1875,133.0,0.0
6618.0,248.658777056932,4159.09375,132.64453125,0.0
6619.0,248.697989581521,4150.640625,132.0,0.0
6620.0,248.639206707332,4139.09375,131.64453125,0.0
6621.0,248.57328920796903,4130.1875,131.0,0.0
6622.0,248.507371708606,4114.1875,131.0,0.0
6623.0,248.184201540733,4099.09375,130.64453125,0.0
6624.0,248.19135335102402,4090.1875,130.0,0.0
6625.0,248.257270850387,4074.640625,130.0,0.0
6626.0,248.32318834974998,4062.640625,130.0,0.0
6627.0,248.404517712368,4050.1875,130.0,0.0
6628.0,248.51081289872002,4034.640625,130.0,0.0
6629.0,248.620675397659,4022.640625,129.64453125,0.0
6630.0,248.730537896598,4010.1875,129.0,0.0
6631.0,248.53691213726398,3994.640625,129.0,0.0
6632.0,248.598710884893,3982.640625,129.35546875,0.0
6633.0,248.708573383832,3971.09375,130.0,0.0
6634.0,248.81843588277098,3962.1875,130.0,0.0
6635.0,248.858944997065,3946.640625,130.35546875,0.0
6636.0,248.78710790455798,3934.1875,131.0,0.0
6637.0,248.69921790540698,3918.640625,131.35546875,0.0
6638.0,249.21830442280103,3906.640625,132.35546875,0.0
6639.0,249.42214714176103,3894.1875,133.0,0.0
6640.0,249.706653601548,3878.640625,133.35546875,0.0
6641.0,249.40727610798803,3865.734375,134.0,0.0
6642.0,249.31525937007999,3846.1875,134.0,0.0
6643.0,249.651853958027,3829.734375,134.0,0.0
6644.0,249.857853157679,3809.734375,134.0,0.0
6645.0,249.73013691068698,3790.1875,134.0,0.0
6646.0,249.25086865411203,3774.1875,134.0,0.0
6647.0,249.09637828914398,3757.734375,133.64453125,0.0
6648.0,249.102297882288,3738.1875,133.0,0.0
6649.0,249.124270382076,3722.1875,133.0,0.0
6650.0,249.44973114013598,3706.640625,133.0,0.0
6651.0,249.450414006589,3693.734375,133.0,0.0
6652.0,249.594175173203,3674.1875,132.64453125,0.0
6653.0,249.466458926211,3658.640625,132.0,0.0
6654.0,249.29067892790798,3646.640625,132.0,0.0
6655.0,248.98094116713298,3633.734375,132.0,0.0
6656.0,248.59427545784303,3614.1875,132.0,0.0
6657.0,248.805762952252,3598.640625,132.0,0.0
6658.0,249.41686620755402,3586.1875,132.0,0.0
6659.0,249.960444239757,3570.640625,131.64453125,0.0
6660.0,249.70980207741403,3558.640625,131.0,0.0
6661.0,249.336277568044,3546.1875,131.0,0.0
6662.0,249.26624131694598,3530.640625,131.0,0.0
6663.0,248.925368695631,3518.640625,131.0,0.0
6664.0,248.81495475754502,3506.1875,131.0,0.0
6665.0,249.052525516454,3490.640625,131.0,0.0
6666.0,249.33816002667302,3478.640625,131.35546875,0.0
6667.0,249.328012210247,3466.640625,132.0,0.0
6668.0,249.58577181265,3454.640625,132.0,0.0
6669.0,249.286402306112,3442.640625,132.0,0.0
6670.0,249.194393555227,3430.640625,132.0,0.0
6671.0,248.962549271787,3418.1875,132.35546875,0.0
6672.0,248.566396656767,3402.1875,133.0,0.0
6673.0,248.755911651388,3386.1875,133.0,0.0
6674.0,249.345042406902,3369.734375,133.0,0.0
6675.0,249.835824212808,3350.1875,133.0,0.0
6676.0,250.08943069324602,3333.734375,133.0,0.0
6677.0,250.00565944582996,3314.1875,133.0,0.0
6678.0,249.57033618883,3297.734375,132.64453125,0.0
6679.0,249.22565594981097,3278.1875,132.0,0.0
6680.0,249.105668124394,3262.1875,131.64453125,0.0
6681.0,249.321274370538,3246.1875,131.0,0.0
6682.0,249.584944367991,3230.1875,131.0,0.0
6683.0,249.733025391036,3214.640625,130.64453125,0.0
6684.0,249.69386273607998,3202.1875,130.0,0.0
6685.0,249.62794523671698,3186.1875,130.0,0.0
6686.0,249.562027737353,3170.1875,130.0,0.0
6687.0,249.49611023799,3154.640625,130.0,0.0
6688.0,249.73368099689898,3142.1875,129.64453125,0.0
6689.0,249.715827248845,3126.1875,129.0,0.0
6690.0,249.649909749482,3110.640625,129.0,0.0
6691.0,249.58399225011902,3098.1875,129.0,0.0
6692.0,249.518074750755,3082.640625,129.0,0.0
6693.0,249.45215725139198,3070.1875,129.0,0.0
6694.0,249.38623975202802,3054.640625,129.0,0.0
6695.0,249.358851910801,3042.1875,129.0,0.0
6696.0,249.393878628908,3026.640625,128.64453125,0.0
6697.0,249.43782362848302,3014.1875,128.0,0.0
6698.0,249.481768628059,2998.640625,128.0,0.0
6699.0,249.502595832753,2986.1875,128.0,0.0
6700.0,249.485974301846,2970.640625,128.0,0.0
6701.0,249.160513543786,2957.734375,128.0,0.0
6702.0,249.39396555096098,2938.640625,128.0,0.0
6703.0,249.74666285563703,2926.1875,128.0,0.0
6704.0,249.226344121096,2910.1875,128.0,0.0
6705.0,249.17416161805198,2894.640625,128.0,0.0
6706.0,249.5215948759,2882.640625,128.0,0.0
6707.0,249.85544443203997,2870.640625,128.0,0.0
6708.0,250.08943069324602,2858.1875,128.0,0.0
6709.0,250.00565944582996,2842.1875,128.0,0.0
6710.0,249.873824447103,2826.640625,128.0,0.0
6711.0,249.82675469627603,2814.1875,128.0,0.0
6712.0,249.916996975983,2798.640625,128.0,0.0
6713.0,250.026859474922,2786.640625,128.0,0.0
6714.0,249.833233715588,2774.1875,128.0,0.0
6715.0,249.529896751927,2758.640625,128.0,0.0
6716.0,249.733673009876,2746.1875,128.0,0.0
6717.0,249.71581926182301,2730.1875,128.0,0.0
6718.0,249.953390020732,2714.640625,128.0,0.0
6719.0,250.18508300956,2702.1875,128.35546875,0.0
6720.0,250.025907357049,2686.1875,129.0,0.0
6721.0,250.10967061744302,2670.1875,129.0,0.0
6722.0,250.241497629148,2654.1875,129.0,0.0
6723.0,250.753872215397,2638.640625,129.0,0.0
6724.0,250.832163155079,2626.1875,129.0,0.0
6725.0,250.528674896807,2610.1875,129.0,0.0
6726.0,250.48061114549702,2594.640625,129.0,0.0
6727.0,250.791805335396,2582.1875,129.35546875,0.0
6728.0,250.8600579302,2566.1875,130.0,0.0
6729.0,250.578542171716,2550.640625,130.0,0.0
6730.0,250.55245092019402,2538.1875,130.0,0.0
6731.0,250.620659009745,2522.640625,130.0,0.0
6732.0,250.76376457049702,2510.1875,130.0,0.0
6733.0,250.61408381073898,2494.640625,130.0,0.0
6734.0,250.416339299671,2483.09375,129.64453125,0.0
6735.0,250.53749491012996,2475.09375,129.0,0.0
6736.0,250.42819183736,2467.09375,129.0,0.0
6737.0,250.274392325868,2459.09375,129.0,0.0
6738.0,250.72756933092097,2451.546875,129.0,0.0
6739.0,250.911738127303,2447.546875,128.64453125,0.0
6740.0,250.644491619169,2444.0,128.0,0.0
6741.0,250.618400367647,2443.546875,128.0,0.0
6742.0,250.640372867434,2440.453125,128.0,0.0
6743.0,250.66234536722197,2444.0,128.0,0.0
6744.0,250.98780612528302,2444.453125,128.0,0.0
6745.0,250.75435411810798,2448.453125,128.0,0.0
6746.0,250.424774608313,2452.0,128.35546875,0.0
6747.0,250.383271493536,2452.453125,129.0,0.0
6748.0,250.061378048064,2456.0,129.35546875,0.0
6749.0,250.294830055238,2456.453125,130.0,0.0
6750.0,250.624409565033,2460.453125,130.35546875,0.0
6751.0,250.611971158419,2463.546875,131.35546875,0.0
6752.0,250.48905444116102,2460.0,132.0,0.0
6753.0,250.357219442435,2460.0,132.0,0.0
6754.0,250.225384443708,2460.453125,132.35546875,0.0
6755.0,250.10896130823502,2463.546875,133.0,0.0
6756.0,250.32099225476898,2460.0,133.0,0.0
6757.0,250.28116600692798,2460.0,133.0,0.0
6758.0,249.88978774950402,2460.0,133.0,0.0
6759.0,249.558228783552,2460.0,133.0,0.0
6760.0,249.704918842006,2459.546875,133.0,0.0
6761.0,249.924643839885,2455.546875,133.0,0.0
6762.0,249.84088057948998,2452.0,133.0,0.0
6763.0,248.932546555441,2451.546875,133.0,0.0
6764.0,247.349972709431,2448.0,133.0,0.0
6765.0,245.073118157103,2448.0,133.35546875,0.0
6766.0,242.700136102154,2447.546875,134.35546875,0.0
6767.0,240.03907765218898,2444.0,135.0,0.0
6768.0,237.354921274644,2444.0,135.35546875,0.0
6769.0,234.674332209688,2444.0,136.35546875,0.0
6770.0,231.69025488646,2444.0,137.35546875,0.0
6771.0,228.67352567517798,2444.0,138.35546875,0.0
6772.0,225.98525054589803,2444.0,139.35546875,0.0
6773.0,223.045118222246,2444.0,140.7109375,0.0
6774.0,220.056922147283,2444.453125,142.35546875,0.0
6775.0,217.449273646867,2448.0,143.35546875,0.0
6776.0,215.31800627469798,2448.0,144.35546875,0.0
6777.0,213.556127475051,2448.453125,145.35546875,0.0
6778.0,212.449288943259,2452.453125,146.35546875,0.0
6779.0,211.595653471441,2456.0,147.35546875,0.0
6780.0,210.552906425466,2456.453125,148.35546875,0.0
6781.0,209.47626990990798,2460.0,149.35546875,0.0
6782.0,207.79265687780602,2460.0,150.0,0.0
6783.0,206.41658171250998,2460.0,150.35546875,0.0
6784.0,205.25084815279098,2460.453125,151.35546875,0.0
6785.0,204.71527864143798,2464.0,152.35546875,0.0
6786.0,203.972348374431,2463.546875,153.35546875,0.0
6787.0,203.34317892028702,2460.0,154.0,0.0
6788.0,202.672662357072,2460.0,154.35546875,0.0
6789.0,201.991538824717,2460.0,155.0,0.0
6790.0,201.613903550635,2459.546875,155.0,0.0
6791.0,201.66013059558998,2455.546875,155.35546875,0.0
6792.0,201.427997787163,2452.0,156.0,0.0
6793.0,200.83886703164902,2452.0,156.0,0.0
6794.0,200.505160783098,2451.546875,156.0,0.0
6795.0,200.03932493362,2448.0,155.64453125,0.0
6796.0,200.028640180972,2447.546875,155.0,0.0
6797.0,200.09455768033501,2444.453125,154.64453125,0.0
6798.0,200.16047517969898,2448.0,154.0,0.0
6799.0,200.11080370465402,2448.0,153.64453125,0.0
6800.0,200.480865068152,2448.0,153.0,0.0
6801.0,200.61681083159098,2448.0,153.0,0.0
6802.0,200.70469284371998,2448.0,152.64453125,0.0
6803.0,201.188534293648,2448.0,152.0,0.0
6804.0,201.263257920742,2448.0,151.64453125,0.0
6805.0,201.566746179015,2448.0,151.0,0.0
6806.0,201.614809930325,2448.0,150.64453125,0.0
6807.0,201.668751451716,2448.0,150.0,0.0
6808.0,202.11356161444698,2448.0,150.0,0.0
6809.0,202.315432864271,2448.0,150.0,0.0
6810.0,202.469240362785,2448.453125,150.0,0.0
6811.0,202.818653076791,2452.0,150.0,0.0
6812.0,203.344857034245,2452.0,150.0,0.0
6813.0,203.28717703835,2452.0,150.0,0.0
6814.0,203.43685779810798,2452.0,150.0,0.0
6815.0,203.40046743554902,2452.0,150.0,0.0
6816.0,203.731847786752,2452.0,150.0,0.0
6817.0,203.82385653763802,2452.0,150.0,0.0
6818.0,203.867801537214,2452.0,150.0,0.0
6819.0,203.87321687865298,2452.0,150.0,0.0
6820.0,204.119705919031,2452.0,150.0,0.0
6821.0,204.10185217097802,2452.0,150.0,0.0
6822.0,204.035934671614,2452.0,150.0,0.0
6823.0,203.96231124062402,2451.546875,150.0,0.0
6824.0,203.876204897766,2448.0,150.0,0.0
6825.0,203.788314898615,2448.0,150.0,0.0
6826.0,204.003913157736,2448.0,150.0,0.0
6827.0,204.010322499659,2448.0,150.0,0.0
6828.0,204.04356556147098,2448.0,150.0,0.0
6829.0,203.784022302775,2448.453125,150.0,0.0
6830.0,203.77990355104,2452.0,149.64453125,0.0
6831.0,203.769907029225,2452.0,149.0,0.0
6832.0,203.97601838261502,2452.0,149.0,0.0
6833.0,203.914219634986,2452.453125,149.0,0.0
6834.0,203.500868877775,2456.0,149.0,0.0
6835.0,203.45853160193403,2456.0,149.0,0.0
6836.0,203.651501755405,2456.453125,149.0,0.0
6837.0,203.56773849501099,2460.0,149.0,0.0
6838.0,203.739399741579,2460.0,149.35546875,0.0
6839.0,204.12390622843898,2460.0,150.0,0.0
6840.0,204.028295794735,2460.0,150.0,0.0
6841.0,203.852515796432,2459.546875,150.0,0.0
6842.0,203.98022405640202,2456.0,150.0,0.0
6843.0,204.263879110464,2455.546875,149.64453125,0.0
6844.0,204.72229493066,2452.0,149.0,0.0
6845.0,206.116146713786,2452.0,148.64453125,0.0
6846.0,208.261166267388,2451.546875,147.64453125,0.0
6847.0,210.962877139238,2447.546875,146.2890625,0.0
6848.0,213.523540188238,2444.0,144.64453125,0.0
6849.0,216.050313767657,2443.546875,143.2890625,0.0
6850.0,218.577087347076,2440.0,141.2890625,0.0
6851.0,221.499820364294,2440.0,139.64453125,0.0
6852.0,224.62041207522302,2440.0,138.2890625,0.0
6853.0,227.762407661678,2439.546875,136.64453125,0.0
6854.0,230.904403248132,2436.0,135.64453125,0.0
6855.0,234.23904712526902,2435.546875,134.64453125,0.0
6856.0,237.58227554080102,2431.546875,133.64453125,0.0
6857.0,240.92203161236802,2427.09375,132.64453125,0.0
6858.0,244.565275942208,2419.09375,131.64453125,0.0
6859.0,248.179524707084,2411.09375,130.64453125,0.0
6860.0,251.668944353296,2403.09375,129.64453125,0.0
6861.0,255.140527436568,2395.09375,128.64453125,0.0
6862.0,258.61211051984,2386.640625,127.64453125,0.0
6863.0,261.880382455995,2375.09375,126.64453125,0.0
6864.0,265.262868495105,2366.640625,126.0,0.0
6865.0,268.061565549491,2354.640625,126.0,0.0
6866.0,270.15715858471196,2343.09375,126.0,0.0
6867.0,271.799194337651,2334.640625,126.0,0.0
6868.0,273.002297697938,2322.640625,126.35546875,0.0
6869.0,273.537875196315,2310.640625,127.0,0.0
6870.0,273.977325192071,2298.640625,127.0,0.0
6871.0,274.293480281791,2286.640625,127.0,0.0
6872.0,274.713397039916,2274.1875,127.0,0.0
6873.0,274.849350790377,2258.640625,127.0,0.0
6874.0,274.633752531256,2246.640625,127.0,0.0
6875.0,274.346972725943,2234.1875,127.35546875,0.0
6876.0,274.326232443302,2218.640625,127.64453125,0.0
6877.0,274.044716684818,2207.09375,127.0,0.0
6878.0,273.715137175023,2199.09375,127.0,0.0
6879.0,273.416381391737,2191.09375,127.0,0.0
6880.0,272.864068997646,2182.640625,127.0,0.0
6881.0,272.574315735692,2170.640625,127.0,0.0
6882.0,272.636114483321,2159.09375,127.0,0.0
6883.0,272.722859187379,2151.09375,127.0,0.0
6884.0,272.16517863929,2142.640625,127.0,0.0
6885.0,271.809507877974,2131.09375,127.35546875,0.0
6886.0,272.10887738451197,2122.1875,128.0,0.0
6887.0,272.41190321414297,2106.640625,128.0,0.0
6888.0,272.261645843101,2094.640625,128.0,0.0
6889.0,272.041920845223,2083.09375,128.0,0.0
6890.0,271.82219584734503,2074.640625,128.0,0.0
6891.0,271.42227749722997,2062.640625,128.0,0.0
6892.0,271.47751024394597,2050.640625,128.0,0.0
6893.0,271.609345242672,2038.1875,128.0,0.0
6894.0,272.044668499672,2022.640625,128.35546875,0.0
6895.0,272.50493771309897,2010.640625,129.0,0.0
6896.0,272.624269932654,1998.1875,128.64453125,0.0
6897.0,272.386699173745,1982.1875,128.0,0.0
6898.0,272.404552921799,1966.640625,128.0,0.0
6899.0,272.17468809451697,1954.1875,128.0,0.0
6900.0,272.212730686064,1938.640625,127.64453125,0.0
6901.0,272.300620685215,1926.640625,127.0,0.0
6902.0,272.38851068436696,1914.1875,127.0,0.0
6903.0,272.826124531554,1898.640625,127.0,0.0
6904.0,272.779723084707,1887.09375,127.0,0.0
6905.0,272.34440781473,1878.640625,127.0,0.0
6906.0,272.164517051715,1866.640625,127.0,0.0
6907.0,272.282236776893,1854.640625,127.0,0.0
6908.0,272.360639870313,1842.640625,127.0,0.0
6909.0,272.426557369676,1831.09375,127.0,0.0
6910.0,272.18898661076696,1822.640625,127.0,0.0
6911.0,272.15289883743,1810.640625,127.35546875,0.0
6912.0,272.077494432335,1798.640625,128.0,0.0
6913.0,272.29309269145597,1787.09375,128.0,0.0
6914.0,272.556754701888,1778.1875,128.0,0.0
6915.0,272.51692845404597,1762.640625,128.0,0.0
6916.0,272.42903845489496,1750.640625,128.0,0.0
6917.0,272.341148455744,1738.640625,128.0,0.0
6918.0,272.55674671486497,1726.1875,128.0,0.0
6919.0,272.804996862042,1710.640625,128.0,0.0
6920.0,273.028281185485,1699.09375,128.0,0.0
6921.0,272.641021679796,1690.640625,128.0,0.0
6922.0,272.461122929759,1678.640625,128.0,0.0
6923.0,272.321581999405,1666.640625,128.0,0.0
6924.0,272.169558157184,1654.1875,128.0,0.0
6925.0,272.622727175215,1638.640625,128.0,0.0
6926.0,272.868535437593,1626.1875,128.0,0.0
6927.0,272.567186474897,1610.640625,128.0,0.0
6928.0,272.647959033988,1598.1875,127.64453125,0.0
6929.0,272.49827827422996,1582.640625,127.0,0.0
6930.0,272.604022021435,1570.640625,126.64453125,0.0
6931.0,272.711593930186,1558.640625,126.0,0.0
6932.0,272.744268367737,1547.09375,126.0,0.0
6933.0,272.462752609252,1539.09375,126.0,0.0
6934.0,272.740149616002,1530.640625,126.35546875,0.0
6935.0,272.5837569251,1519.09375,127.0,0.0
6936.0,271.84908933369996,1510.640625,127.0,0.0
6937.0,271.94659557743597,1498.640625,127.0,0.0
6938.0,272.188293075102,1486.640625,127.35546875,0.0
6939.0,272.617889856632,1474.640625,128.0,0.0
6940.0,272.604818453198,1462.640625,128.0,0.0
6941.0,272.213440195774,1450.1875,128.0,0.0
6942.0,272.077486445313,1434.640625,128.0,0.0
6943.0,272.316202499316,1422.640625,128.0,0.0
6944.0,272.640431040229,1410.1875,127.64453125,0.0
6945.0,272.363034033479,1395.09375,127.0,0.0
6946.0,272.292997782381,1386.640625,127.0,0.0
6947.0,272.690102515274,1374.640625,127.0,0.0
6948.0,272.715538160934,1362.640625,127.0,0.0
6949.0,272.36811289010797,1350.640625,127.0,0.0
6950.0,272.276112126245,1338.640625,127.0,0.0
6951.0,272.654209271183,1326.640625,127.0,0.0
6952.0,272.525355775666,1314.640625,127.0,0.0
6953.0,272.609119036061,1302.640625,127.0,0.0
6954.0,272.437457789493,1291.09375,127.0,0.0
6955.0,272.31790990276903,1282.640625,127.0,0.0
6956.0,272.05715161204,1270.640625,127.35546875,0.0
6957.0,272.378493618366,1258.640625,128.0,0.0
6958.0,272.795963127312,1246.640625,128.35546875,0.0
6959.0,273.182608909749,1234.640625,129.0,0.0
6960.0,272.912346528174,1223.09375,129.0,0.0
6961.0,272.842310277076,1215.09375,129.35546875,0.0
6962.0,272.516849519016,1206.640625,130.0,0.0
6963.0,271.878366409509,1194.640625,130.0,0.0
6964.0,271.861210624571,1182.640625,130.35546875,0.0
6965.0,272.252588881995,1170.640625,131.0,0.0
6966.0,272.388542632456,1158.1875,131.35546875,0.0
6967.0,272.71056750523496,1142.640625,132.0,0.0
6968.0,272.968309922523,1130.1875,132.0,0.0
6969.0,272.906511174894,1114.640625,132.0,0.0
6970.0,272.493160417682,1102.640625,132.0,0.0
6971.0,272.51247059486,1090.1875,132.0,0.0
6972.0,272.56346323801,1074.640625,132.0,0.0
6973.0,272.303927966336,1062.1875,132.0,0.0
6974.0,272.60330545989603,1046.640625,132.0,0.0
6975.0,272.59514508665,1034.640625,132.0,0.0
6976.0,272.376643107826,1022.1875,132.0,0.0
6977.0,272.43844185545504,1006.640625,132.0,0.0
6978.0,272.85179261266603,994.1875,132.0,0.0
6979.0,273.159088488643,979.09375,131.64453125,0.0
6980.0,273.216726127285,970.1875,131.0,0.0
6981.0,272.93520238177797,955.09375,131.0,0.0
6982.0,271.998638368415,946.640625,131.0,0.0
6983.0,271.757865728032,935.09375,131.0,0.0
6984.0,271.609322216799,926.640625,131.35546875,0.0
6985.0,272.062499221851,914.640625,132.0,0.0
6986.0,272.611803729524,902.1875,132.0,0.0
6987.0,272.84516504047997,886.640625,132.35546875,0.0
6988.0,272.870215223171,874.640625,133.0,0.0
6989.0,272.870199249126,862.640625,132.64453125,0.0
6990.0,272.566695016809,850.1875,132.0,0.0
6991.0,272.204464176745,834.640625,131.64453125,0.0
6992.0,272.268520236307,823.09375,131.0,0.0
6993.0,272.400355235034,814.640625,131.0,0.0
6994.0,272.53219023376,803.09375,131.0,0.0
6995.0,272.990631285641,794.640625,131.0,0.0
6996.0,272.92760830788797,782.640625,131.35546875,0.0
6997.0,272.773808796396,770.1875,132.0,0.0
6998.0,273.226985801448,754.640625,132.0,0.0
6999.0,273.67611319796697,742.640625,132.0,0.0
7000.0,273.962962740218,731.09375,132.0,0.0
7001.0,273.619648234104,722.1875,132.35546875,0.0
7002.0,272.573229708825,706.640625,133.0,0.0
7003.0,272.23801441978,694.1875,133.0,0.0
7004.0,272.930458858435,679.09375,133.0,0.0
7005.0,272.854941088532,669.734375,133.0,0.0
7006.0,273.24220858124403,651.09375,133.0,0.0
7007.0,273.409660379858,642.1875,133.0,0.0
7008.0,273.065312791936,626.640625,133.0,0.0
7009.0,273.254811812513,614.1875,133.0,0.0
7010.0,272.933461819165,599.09375,133.0,0.0
7011.0,272.382026560723,590.1875,133.0,0.0
7012.0,272.360639870313,574.640625,132.64453125,0.0
7013.0,272.123069111404,562.640625,132.0,0.0
7014.0,271.837434601185,550.640625,132.0,0.0
7015.0,271.61344754398397,538.1875,132.0,0.0
7016.0,271.79281203998903,522.640625,132.0,0.0
7017.0,271.731021279382,510.640625,131.64453125,0.0
7018.0,271.62116676746604,498.640625,131.0,0.0
7019.0,271.161588407513,486.640625,131.0,0.0
7020.0,271.186025341595,474.640625,131.35546875,0.0
7021.0,271.599376098806,462.1875,132.0,0.0
7022.0,272.3642788656,447.09375,132.0,0.0
7023.0,272.804403740787,438.640625,132.0,0.0
7024.0,273.084118657862,427.09375,132.0,0.0
7025.0,272.740804151749,418.1875,132.0,0.0
7026.0,271.99787388474203,402.1875,132.0,0.0
7027.0,271.602839304226,387.09375,132.0,0.0
7028.0,272.012639933965,378.640625,132.0,0.0
7029.0,272.236483683577,366.1875,132.35546875,0.0
7030.0,272.41226368188,349.734375,133.0,0.0
7031.0,272.176672379128,330.1875,133.0,0.0
7032.0,272.021744817205,314.1875,133.0,0.0
7033.0,272.19339807675,298.1875,133.0,0.0
7034.0,272.716603345878,282.640625,133.0,0.0
7035.0,272.734837371162,270.1875,133.0,0.0
7036.0,272.744324276894,254.1875,133.0,0.0
7037.0,272.462808518409,239.09375,132.64453125,0.0
7038.0,272.436717266887,230.640625,132.35546875,0.0
7039.0,272.08584812375705,218.640625,132.64453125,0.0
7040.0,272.181545539061,206.640625,132.35546875,0.0
7041.0,272.660805808614,194.1875,133.0,0.0
7042.0,273.188129829476,178.640625,133.0,0.0
7043.0,273.028461092711,166.640625,133.0,0.0
7044.0,272.479629029607,154.1875,133.0,0.0
7045.0,272.18988375467603,138.640625,133.0,0.0
7046.0,272.251690489328,126.1875,133.0,0.0
7047.0,272.595695848916,110.640625,133.35546875,0.0
7048.0,272.26844223647004,97.734375,133.64453125,0.0
7049.0,272.132496473031,79.09375,133.0,0.0
7050.0,272.348102719174,70.640625,133.0,0.0
7051.0,273.010689079237,57.734375,133.0,0.0
7052.0,273.73585257979,38.640625,133.0,0.0
7053.0,273.853944595176,27.09375,133.0,0.0
7054.0,272.965444333124,18.640625,133.0,0.0
7055.0,272.071459586432,7.09375,133.0,0.0
7056.0,271.70565551161496,-1.359375,133.0,0.0
7057.0,271.723509259668,-13.8125,133.0,0.0
7058.0,272.396403275576,-30.265625,133.0,0.0
7059.0,272.55844827756,-49.359375,133.0,0.0
7060.0,272.320877518651,-60.0,132.64453125,0.0
7061.0,272.338731266704,-61.8125,131.64453125,0.0
7062.0,272.404648766067,-76.0,130.64453125,0.0
7063.0,272.578449308212,-74.640625,129.2890625,0.0
7064.0,272.623522358219,-63.546875,127.2890625,0.0
7065.0,272.038526328484,-62.265625,124.578125,0.0
7066.0,271.964379312675,-80.0,120.578125,0.0
7067.0,272.339040572331,-80.453125,116.578125,0.0
7068.0,273.004869759548,-83.09375,112.578125,0.0
7069.0,273.404477533419,-75.09375,108.578125,0.0
7070.0,272.238580264617,-68.0,104.93359375,0.0
7071.0,271.320794856591,-67.546875,101.93359375,0.0
7072.0,271.357639601222,-63.546875,98.578125,0.0
7073.0,271.83690785779703,-59.546875,94.93359375,0.0
7074.0,272.971216382226,-56.0,91.93359375,0.0
7075.0,272.949169718051,-55.09375,88.93359375,0.0
7076.0,272.672453489301,-48.0,85.578125,0.0
7077.0,272.69030723735403,-48.0,81.93359375,0.0
7078.0,273.05971299499,-47.546875,78.93359375,0.0
7079.0,273.14287051915403,-44.0,75.578125,0.0
7080.0,272.824544386269,-43.546875,71.93359375,0.0
7081.0,273.057996393444,-40.0,68.93359375,0.0
7082.0,273.387575903238,-40.0,65.93359375,0.0
7083.0,272.876044022861,-39.546875,62.578125,0.0
7084.0,272.63615535362703,-36.0,58.93359375,0.0
7085.0,272.763871600619,-36.0,55.93359375,0.0
7086.0,273.546628115466,-36.0,52.578125,0.0
7087.0,273.33781093069,-36.0,48.93359375,0.0
7088.0,272.697695519048,-36.0,45.93359375,0.0
7089.0,272.32004427092096,-35.546875,42.93359375,0.0
7090.0,272.293945032376,-32.0,39.578125,0.0
7091.0,272.43149851955,-32.453125,35.93359375,0.0
7092.0,272.45280742645303,-35.546875,32.93359375,0.0
7093.0,272.45280742645303,-32.0,29.93359375,0.0
7094.0,272.45280742645303,-32.0,28.0,0.0
7095.0,272.149319168181,-32.0,27.64453125,0.0
7096.0,271.494278900325,-32.0,27.0,0.0
7097.0,271.094663139433,-32.0,26.64453125,0.0
7098.0,270.743111129851,-32.0,26.0,0.0
7099.0,271.302023895085,-32.0,25.64453125,0.0
7100.0,271.398151397705,-32.0,25.0,0.0
7101.0,271.398151397705,-32.0,25.0,0.0
7102.0,271.701639655978,-32.0,24.64453125,0.0
7103.0,271.446215149016,-32.0,24.0,0.0
7104.0,271.398151397705,-32.0,23.64453125,0.0
7105.0,271.398151397705,-32.453125,23.0,0.0
7106.0,271.701639655978,-35.546875,23.0,0.0
7107.0,271.446215149016,-32.453125,22.64453125,0.0
7108.0,271.398151397705,-36.0,22.0,0.0
7109.0,271.701639655978,-35.546875,22.0,0.0
7110.0,271.749703407288,-32.0,21.64453125,0.0
7111.0,271.749703407288,-32.453125,21.0,0.0
7112.0,272.05319166556,-35.09375,21.0,0.0
7113.0,271.797767158598,-27.546875,21.0,0.0
7114.0,271.446215149016,-24.0,21.0,0.0
7115.0,271.094663139433,-24.453125,21.0,0.0
7116.0,271.046599388123,-28.0,21.0,0.0
7117.0,271.046599388123,-28.0,21.0,0.0
7118.0,271.046599388123,-28.0,20.64453125,0.0
7119.0,271.350087646395,-28.0,20.0,0.0
7120.0,271.701639655978,-28.0,20.0,0.0
7121.0,272.05319166556,-27.546875,20.0,0.0
7122.0,272.10125541687,-24.0,20.0,0.0
7123.0,272.10125541687,-24.453125,20.0,0.0
7124.0,272.10125541687,-28.0,20.0,0.0
7125.0,272.10125541687,-28.0,20.0,0.0
7126.0,272.10125541687,-28.0,19.64453125,0.0
7127.0,272.708231933415,-28.0,19.0,0.0
7128.0,273.41133595258,-28.0,18.64453125,0.0
7129.0,274.114439971745,-28.0,17.64453125,1.0
7130.0,275.424520507455,-28.0,17.0,1.0
7131.0,277.741193320602,-28.0,16.64453125,1.0
7132.0,282.022986937314,-28.0,15.64453125,1.0
7133.0,287.200139578432,-28.0,14.64453125,1.0
7134.0,292.776907980442,-28.0,14.35546875,1.0
7135.0,298.705228392035,-28.0,15.0,1.0
7136.0,305.288589071482,-28.0,15.0,1.0
7137.0,312.575053770095,-28.453125,15.0,1.0
7138.0,320.2611342296,-32.0,15.35546875,1.0
7139.0,327.995278440416,-32.0,16.0,1.0
7140.0,335.729422651231,-32.0,16.0,1.0
7141.0,342.553102087229,-31.546875,16.0,1.0
7142.0,348.01863723620795,-28.0,16.0,1.0
7143.0,352.077964346856,-28.0,16.0,1.0
7144.0,355.338059935719,-28.0,16.0,1.0
7145.0,357.89505150541703,-28.0,16.0,1.0
7146.0,359.445450797677,-28.0,16.0,1.0
7147.0,0.557444106787443,-28.0,16.0,1.0
7148.0,1.00659227743745,-27.546875,16.0,1.0
7149.0,1.66163254529238,-24.0,16.0,1.0
7150.0,2.66822482272983,-24.453125,16.0,1.0
7151.0,4.63334562629461,-28.0,15.64453125,1.0
7152.0,7.0461459420621395,-28.0,14.64453125,1.0
7153.0,10.417474783957,-28.0,13.64453125,1.0
7154.0,13.9329948797822,-28.0,13.0,1.0
7155.0,17.7520032338798,-28.0,13.0,1.0
7156.0,22.2260518558323,-28.0,13.0,1.0
7157.0,27.403204496949897,-28.0,12.64453125,1.0
7158.0,32.6764846406877,-28.0,12.0,1.0
7159.0,38.2532530426979,-27.546875,12.0,1.0
7160.0,43.5745969377458,-24.453125,12.0,1.0
7161.0,49.151365339756005,-28.0,12.0,1.0
7162.0,54.472709234803894,-28.0,12.0,1.0
7163.0,59.7459893785417,-28.0,11.64453125,1.0
7164.0,65.3227577805519,-28.0,11.0,1.0
7165.0,70.94758993387221,-28.0,11.0,1.0
7166.0,76.57242208719249,-28.0,11.0,1.0
7167.0,81.28678946569559,-28.0,11.0,1.0
7168.0,84.9465008154511,-28.0,11.0,1.0
7169.0,86.94457961991431,-28.453125,11.0,1.0
7170.0,88.0953631512821,-31.546875,11.0,1.0
7171.0,89.1500191800296,-28.0,11.0,1.0
7172.0,89.5976986922324,-28.0,11.0,1.0
7173.0,89.9492507018149,-28.0,11.0,1.0
7174.0,89.9973144531251,-28.0,11.0,1.0
7175.0,90.3008027113974,-28.0,11.0,1.0
7176.0,90.34886646270759,-28.0,11.35546875,1.0
7177.0,90.6523547209799,-28.0,12.0,1.0
7178.0,90.70041847229021,-28.0,12.0,1.0
7179.0,91.0039067305624,-28.0,12.0,1.0
7180.0,91.05197048187271,-28.0,12.0,1.0
7181.0,91.05197048187271,-28.0,12.0,1.0
7182.0,91.05197048187271,-28.0,12.0,1.0
7183.0,91.05197048187271,-28.0,12.0,1.0
7184.0,91.05197048187271,-28.0,12.0,1.0
7185.0,91.05197048187271,-28.453125,12.0,1.0
7186.0,91.05197048187271,-31.546875,12.0,1.0
7187.0,91.05197048187271,-28.0,12.35546875,1.0
7188.0,91.05197048187271,-28.0,13.0,1.0
7189.0,91.05197048187271,-28.0,13.0,1.0
7190.0,91.05197048187271,-28.0,13.0,1.0
7191.0,91.05197048187271,-28.0,13.0,1.0
7192.0,91.355458740145,-28.0,13.0,1.0
7193.0,91.4035224914552,-28.0,13.0,1.0
7194.0,91.7070107497275,-28.0,13.0,1.0
7195.0,91.75507450103771,-28.0,13.0,1.0
7196.0,91.4515862427652,-28.0,13.0,1.0
7197.0,91.4035224914552,-28.0,13.0,1.0
7198.0,91.1000342331827,-28.0,13.35546875,1.0
7199.0,91.05197048187271,-28.0,14.0,1.0
7200.0,91.05197048187271,-28.0,14.0,1.0
7201.0,90.7484822236001,-28.453125,14.0,1.0
7202.0,90.70041847229021,-31.546875,14.0,1.0
7203.0,91.0039067305624,-28.0,14.0,1.0
7204.0,91.355458740145,-28.0,14.0,1.0
7205.0,91.4035224914552,-28.453125,14.0,1.0
7206.0,91.4035224914552,-31.546875,14.0,1.0
7207.0,91.7070107497275,-28.453125,14.0,1.0
7208.0,91.75507450103771,-32.0,14.0,1.0
7209.0,91.75507450103771,-32.0,14.0,1.0
7210.0,91.75507450103771,-32.0,14.35546875,1.0
7211.0,91.4515862427652,-32.0,15.0,1.0
7212.0,91.4035224914552,-32.0,15.0,1.0
7213.0,91.4035224914552,-32.0,15.0,1.0
7214.0,91.4035224914552,-31.546875,15.0,1.0
7215.0,91.1000342331827,-28.0,15.0,1.0
7216.0,91.05197048187271,-28.0,15.0,1.0
7217.0,91.05197048187271,-28.0,15.0,1.0
7218.0,90.7484822236001,-28.0,15.0,1.0
7219.0,90.70041847229021,-28.0,15.0,1.0
7220.0,91.0039067305624,-28.0,15.0,1.0
7221.0,91.05197048187271,-28.0,15.0,1.0
7222.0,91.355458740145,-28.0,15.0,1.0
7223.0,91.1000342331827,-28.0,15.35546875,1.0
7224.0,91.05197048187271,-28.0,16.0,1.0
7225.0,91.05197048187271,-28.0,16.0,1.0
7226.0,90.7484822236001,-28.0,16.0,1.0
7227.0,90.70041847229021,-28.0,16.0,1.0
7228.0,90.70041847229021,-28.0,16.0,1.0
7229.0,90.70041847229021,-28.0,16.0,1.0
7230.0,90.70041847229021,-28.0,16.0,1.0
7231.0,90.70041847229021,-28.0,16.0,1.0
7232.0,90.3969302140176,-28.0,16.0,1.0
7233.0,90.34886646270759,-28.0,16.0,1.0
7234.0,90.34886646270759,-28.0,16.0,1.0
7235.0,90.34886646270759,-28.0,16.0,1.0
7236.0,90.9558429792523,-28.0,16.35546875,1.0
7237.0,91.355458740145,-28.0,17.0,1.0
7238.0,92.0104990079999,-28.0,17.0,1.0
7239.0,92.10662651062022,-28.0,17.0,1.0
7240.0,91.8031382523477,-28.0,17.0,1.0
7241.0,91.75507450103771,-28.0,17.0,1.0
7242.0,91.4515862427652,-28.0,17.0,1.0
7243.0,91.1000342331827,-28.0,17.0,1.0
7244.0,91.355458740145,-28.0,17.0,1.0
7245.0,91.4035224914552,-28.0,17.0,1.0
7246.0,91.4035224914552,-28.0,17.0,1.0
7247.0,91.4035224914552,-28.0,17.0,1.0
7248.0,91.4035224914552,-28.0,17.0,1.0
7249.0,91.4035224914552,-28.0,17.0,1.0
7250.0,91.7070107497275,-28.0,17.35546875,1.0
7251.0,91.75507450103771,-28.0,18.0,1.0
7252.0,91.75507450103771,-28.0,18.0,1.0
7253.0,91.4515862427652,-28.0,18.0,1.0
7254.0,91.4035224914552,-28.0,18.0,1.0
7255.0,91.4035224914552,-28.0,18.0,1.0
7256.0,91.1000342331827,-28.0,18.0,1.0
7257.0,91.05197048187271,-28.0,18.0,1.0
7258.0,91.05197048187271,-28.0,18.0,1.0
7259.0,91.05197048187271,-28.0,18.0,1.0
7260.0,91.05197048187271,-28.0,18.0,1.0
7261.0,91.05197048187271,-28.0,18.0,1.0
7262.0,90.7484822236001,-28.0,18.0,1.0
7263.0,90.70041847229021,-28.0,18.0,1.0
7264.0,91.0039067305624,-28.0,18.35546875,1.0
7265.0,91.355458740145,-28.0,19.0,1.0
7266.0,91.4035224914552,-28.0,19.0,1.0
7267.0,91.1000342331827,-28.0,19.0,1.0
7268.0,90.7484822236001,-28.0,19.0,1.0
7269.0,90.70041847229021,-28.0,19.0,1.0
7270.0,91.0039067305624,-28.0,19.0,1.0
7271.0,91.05197048187271,-28.0,19.0,1.0
7272.0,91.355458740145,-28.0,19.0,1.0
7273.0,91.1000342331827,-28.0,19.0,1.0
7274.0,91.05197048187271,-28.0,19.0,1.0
7275.0,91.05197048187271,-28.0,19.0,1.0
7276.0,91.05197048187271,-28.0,19.0,1.0
7277.0,91.05197048187271,-28.0,19.35546875,1.0
7278.0,91.05197048187271,-28.0,20.0,1.0
7279.0,91.05197048187271,-28.0,20.0,1.0
7280.0,91.05197048187271,-28.0,20.0,1.0
7281.0,91.05197048187271,-28.0,20.0,1.0
7282.0,91.05197048187271,-28.0,20.0,1.0
7283.0,91.65894699841742,-28.0,20.0,1.0
7284.0,91.75507450103771,-28.0,20.0,1.0
7285.0,91.75507450103771,-28.0,20.0,1.0
7286.0,91.75507450103771,-28.0,20.0,1.0
7287.0,91.75507450103771,-28.0,20.0,1.0
7288.0,91.75507450103771,-28.0,19.64453125,1.0
7289.0,91.4515862427652,-28.0,19.0,1.0
7290.0,91.4035224914552,-28.453125,18.64453125,1.0
7291.0,91.4035224914552,-31.546875,18.0,1.0
7292.0,91.4035224914552,-28.0,17.64453125,1.0
7293.0,91.1000342331827,-28.453125,17.0,1.0
7294.0,91.05197048187271,-31.546875,17.35546875,1.0
7295.0,90.7484822236001,-28.453125,18.0,1.0
7296.0,90.70041847229021,-31.546875,18.0,1.0
7297.0,91.0039067305624,-28.0,18.0,1.0
7298.0,91.05197048187271,-28.0,18.0,1.0
7299.0,91.355458740145,-28.0,18.0,1.0
7300.0,91.4035224914552,-28.0,18.0,1.0
7301.0,91.4035224914552,-28.0,18.0,1.0
7302.0,91.4035224914552,-28.0,18.35546875,1.0
7303.0,91.4035224914552,-28.0,19.0,1.0
7304.0,91.1000342331827,-28.0,19.0,1.0
7305.0,91.05197048187271,-28.0,19.0,1.0
7306.0,90.7484822236001,-28.0,19.0,1.0
7307.0,91.0039067305624,-28.453125,19.0,1.0
7308.0,91.355458740145,-31.546875,19.0,1.0
7309.0,91.4035224914552,-28.0,19.35546875,1.0
7310.0,91.4035224914552,-28.0,20.0,1.0
7311.0,91.1000342331827,-28.0,20.0,1.0
7312.0,91.05197048187271,-28.453125,20.0,1.0
7313.0,91.05197048187271,-32.0,20.0,1.0
7314.0,90.7484822236001,-32.0,20.0,1.0
7315.0,90.70041847229021,-32.0,20.0,1.0
7316.0,91.0039067305624,-32.0,20.0,1.0
7317.0,91.05197048187271,-32.0,20.0,1.0
7318.0,91.355458740145,-32.0,20.0,1.0
7319.0,91.1000342331827,-31.546875,20.0,1.0
7320.0,91.355458740145,-28.453125,20.35546875,1.0
7321.0,91.4035224914552,-32.0,21.0,1.0
7322.0,91.4035224914552,-32.0,21.0,1.0
7323.0,91.7070107497275,-32.0,21.0,1.0
7324.0,91.4515862427652,-31.546875,21.0,1.0
7325.0,91.4035224914552,-28.0,21.0,1.0
7326.0,91.4035224914552,-28.453125,21.0,1.0
7327.0,91.4035224914552,-32.0,20.64453125,1.0
7328.0,91.7070107497275,-32.0,20.0,1.0
7329.0,91.75507450103771,-32.0,20.0,1.0
7330.0,91.4515862427652,-32.0,20.0,1.0
7331.0,91.1000342331827,-32.0,20.0,1.0
7332.0,91.05197048187271,-32.0,20.0,1.0
7333.0,91.05197048187271,-31.546875,20.0,1.0
7334.0,91.05197048187271,-28.0,20.0,1.0
7335.0,91.05197048187271,-28.453125,20.0,1.0
7336.0,90.7484822236001,-32.0,20.0,1.0
7337.0,90.70041847229021,-32.0,20.0,1.0
7338.0,90.70041847229021,-32.0,20.0,1.0
7339.0,90.70041847229021,-32.0,20.0,1.0
7340.0,90.70041847229021,-32.0,20.0,1.0
7341.0,91.0039067305624,-32.0,20.0,1.0
7342.0,91.05197048187271,-32.0,20.0,1.0
7343.0,91.65894699841742,-32.0,20.0,1.0
7344.0,92.05856275930999,-32.0,20.0,1.0
7345.0,91.8031382523477,-32.0,20.0,1.0
7346.0,91.75507450103771,-32.0,20.0,1.0
7347.0,91.4515862427652,-32.0,20.0,1.0
7348.0,91.1000342331827,-32.0,20.0,1.0
7349.0,91.05197048187271,-32.0,20.0,1.0
7350.0,90.7484822236001,-32.0,20.0,1.0
7351.0,90.70041847229021,-32.0,19.64453125,1.0
7352.0,90.70041847229021,-32.0,19.0,1.0
7353.0,90.70041847229021,-32.0,19.0,1.0
7354.0,91.0039067305624,-32.0,19.0,1.0
7355.0,91.05197048187271,-32.0,19.0,1.0
7356.0,91.355458740145,-32.0,19.0,1.0
7357.0,91.4035224914552,-32.0,19.0,1.0
7358.0,91.4035224914552,-32.0,19.0,1.0
7359.0,91.4035224914552,-32.0,19.0,1.0
7360.0,91.4035224914552,-32.0,19.0,1.0
7361.0,91.4035224914552,-31.546875,19.0,1.0
7362.0,91.4035224914552,-28.453125,19.0,1.0
7363.0,91.4035224914552,-32.0,19.0,1.0
7364.0,91.4035224914552,-32.0,19.0,1.0
7365.0,91.4035224914552,-32.0,19.0,1.0
7366.0,91.4035224914552,-32.0,19.0,1.0
7367.0,91.4035224914552,-32.0,19.0,1.0
7368.0,91.1000342331827,-32.0,19.0,1.0
7369.0,91.05197048187271,-32.0,19.0,1.0
7370.0,90.7484822236001,-32.0,19.0,1.0
7371.0,90.70041847229021,-32.0,19.0,1.0
7372.0,91.0039067305624,-32.0,19.0,1.0
7373.0,91.05197048187271,-31.546875,19.0,1.0
7374.0,91.355458740145,-28.0,19.0,1.0
7375.0,91.1000342331827,-28.453125,19.0,1.0
7376.0,91.05197048187271,-31.546875,19.0,1.0
7377.0,91.05197048187271,-28.0,19.0,1.0
7378.0,91.05197048187271,-28.453125,19.0,1.0
7379.0,91.05197048187271,-32.0,19.0,1.0
7380.0,91.05197048187271,-31.546875,19.0,1.0
7381.0,91.05197048187271,-28.0,19.0,1.0
7382.0,91.355458740145,-28.0,19.0,1.0
7383.0,91.4035224914552,-28.453125,19.0,1.0
7384.0,91.7070107497275,-32.0,19.0,1.0
7385.0,91.75507450103771,-32.0,19.0,1.0
7386.0,91.75507450103771,-32.0,19.0,1.0
7387.0,91.75507450103771,-31.546875,19.0,1.0
7388.0,91.4515862427652,-28.453125,19.0,1.0
7389.0,91.4035224914552,-32.0,19.0,1.0
7390.0,91.4035224914552,-32.0,19.0,1.0
7391.0,91.4035224914552,-32.0,19.0,1.0
7392.0,91.4035224914552,-32.0,19.0,1.0
7393.0,92.0104990079999,-32.0,19.0,1.0
7394.0,92.4101147688925,-32.0,18.64453125,1.0
7395.0,92.4581785202028,-32.0,18.0,1.0
7396.0,91.8512020036578,-32.0,17.64453125,1.0
7397.0,91.75507450103771,-32.0,16.64453125,1.0
7398.0,91.75507450103771,-32.0,15.64453125,1.0
7399.0,91.75507450103771,-32.0,14.64453125,1.0
7400.0,91.4515862427652,-32.0,13.64453125,1.0
7401.0,90.7965459749103,-32.0,12.64453125,1.0
7402.0,89.4864654392004,-32.0,12.0,1.0
7403.0,87.16979262605308,-32.0,11.64453125,1.0
7404.0,83.4949755258858,-32.0,11.0,1.0
7405.0,78.7174386456609,-32.0,11.0,1.0
7406.0,73.49222225323321,-31.546875,11.0,1.0
7407.0,68.5224303677678,-28.0,11.35546875,1.0
7408.0,63.6007022336125,-28.0,12.0,1.0
7409.0,58.375485841184904,-28.0,12.0,1.0
7410.0,53.1022056974471,-28.453125,12.0,1.0
7411.0,47.525437295436895,-31.546875,12.0,1.0
7412.0,42.204093400389,-28.0,12.0,1.0
7413.0,36.9308132566512,-28.0,12.35546875,1.0
7414.0,31.6575331129134,-28.0,13.0,1.0
7415.0,26.9912294857204,-28.0,13.0,1.0
7416.0,22.1175651028752,-28.0,13.0,1.0
7417.0,17.195836968720002,-27.546875,13.0,1.0
7418.0,12.2741088345647,-24.453125,12.64453125,1.0
7419.0,7.35238070040941,-28.0,12.0,1.0
7420.0,2.4306525662541403,-27.546875,11.64453125,1.0
7421.0,357.196162644774,-24.0,11.0,1.0
7422.0,351.92141384258906,-24.0,11.0,1.0
7423.0,346.95162195712305,-24.0,11.0,1.0
7424.0,343.243846856058,-24.0,11.35546875,1.0
7425.0,340.942279793322,-24.453125,12.0,1.0
7426.0,340.046920768917,-27.546875,12.0,1.0
7427.0,339.950793266297,-24.0,12.0,1.0
7428.0,339.647305008024,-24.0,12.0,1.0
7429.0,339.902729514987,-23.546875,12.0,1.0
7430.0,340.254281524569,-20.453125,12.0,1.0
7431.0,340.605833534152,-24.0,12.0,1.0
7432.0,340.957385543734,-24.453125,12.0,1.0
7433.0,341.612425811589,-27.546875,12.0,1.0
7434.0,341.40506505593703,-24.453125,12.0,1.0
7435.0,341.053513046355,-28.0,12.0,1.0
7436.0,341.005449295044,-28.0,12.0,1.0
7437.0,341.005449295044,-28.0,12.0,1.0
7438.0,340.701961036772,-28.0,12.0,1.0
7439.0,340.653897285462,-28.453125,12.0,1.0
7440.0,340.653897285462,-31.546875,12.0,1.0
7441.0,340.957385543734,-28.0,12.0,1.0
7442.0,341.005449295044,-28.0,12.0,1.0
7443.0,341.005449295044,-28.0,12.0,1.0
7444.0,341.005449295044,-28.453125,12.0,1.0
7445.0,341.005449295044,-32.453125,12.0,1.0
7446.0,341.005449295044,-35.546875,12.0,1.0
7447.0,341.308937553317,-32.0,12.0,1.0
7448.0,341.357001304627,-32.0,12.0,1.0
7449.0,341.66048956289904,-32.0,12.0,1.0
7450.0,341.708553314209,-31.546875,12.0,1.0
7451.0,341.40506505593703,-28.0,12.0,1.0
7452.0,341.357001304627,-27.546875,12.0,1.0
7453.0,341.357001304627,-24.0,12.0,1.0
7454.0,341.357001304627,-24.453125,11.64453125,1.0
7455.0,341.357001304627,-28.0,11.0,1.0
7456.0,341.357001304627,-28.0,11.0,1.0
7457.0,341.053513046355,-28.453125,11.0,1.0
7458.0,340.701961036772,-31.546875,11.0,1.0
7459.0,340.35040902718896,-28.453125,11.0,1.0
7460.0,340.30234527587896,-32.0,11.0,1.0
7461.0,339.998857017607,-32.453125,11.0,1.0
7462.0,339.950793266297,-35.546875,11.0,1.0
7463.0,339.950793266297,-32.0,11.0,1.0
7464.0,339.343816749752,-32.453125,10.64453125,1.0
7465.0,338.033736214042,-36.0,10.0,1.0
7466.0,336.020551659167,-36.0,10.0,1.0
7467.0,333.00077482685396,-36.0,10.0,1.0
7468.0,329.533318482339,-36.0,10.0,1.0
7469.0,325.714310128242,-36.0,9.64453125,1.0
7470.0,321.847238022834,-35.546875,9.0,1.0
7471.0,318.283654175699,-32.0,9.0,1.0
7472.0,315.071622338146,-32.0,9.0,1.0
7473.0,311.604165993631,-32.0,9.0,1.0
7474.0,308.08864589780603,-32.0,8.64453125,1.0
7475.0,304.57312580198,-32.0,8.0,1.0
7476.0,300.754117447883,-32.453125,8.0,1.0
7477.0,296.887045342475,-36.0,8.0,1.0
7478.0,293.019973237067,-36.0,8.0,1.0
7479.0,289.15290113166003,-36.0,8.0,1.0
7480.0,285.285829026252,-35.546875,8.0,1.0
7481.0,281.418756920844,-32.0,7.64453125,1.0
7482.0,278.462149590254,-32.0,7.0,1.0
7483.0,275.649733513594,-32.0,7.0,1.0
7484.0,273.140805695206,-31.546875,7.0,1.0
7485.0,271.286918144673,-27.546875,7.0,1.0
7486.0,270.43962287157797,-23.546875,7.35546875,1.0
7487.0,270.34349536895803,-20.453125,8.0,1.0
7488.0,270.64698362723,-23.09375,8.0,1.0
7489.0,270.998535636813,-16.90625,8.0,1.0
7490.0,271.350087646395,-24.0,8.0,1.0
7491.0,271.398151397705,-22.1875,8.0,1.0
7492.0,271.398151397705,-9.359375,8.0,1.0
7493.0,271.398151397705,-20.0,8.0,1.0
7494.0,271.701639655978,-20.0,8.0,1.0
7495.0,272.05319166556,-20.0,8.0,1.0
7496.0,272.10125541687,-20.453125,8.0,1.0
7497.0,272.10125541687,-24.0,8.0,1.0
7498.0,272.10125541687,-24.453125,8.0,1.0
7499.0,271.797767158598,-27.546875,8.0,1.0
7500.0,272.05319166556,-24.0,8.0,1.0
7501.0,271.797767158598,-24.0,8.0,1.0
7502.0,271.749703407288,-24.90625,8.0,1.0
7503.0,272.05319166556,-31.09375,8.0,1.0
7504.0,272.10125541687,-24.0,8.0,1.0
7505.0,272.10125541687,-24.0,8.0,1.0
7506.0,272.10125541687,-23.09375,8.0,1.0
7507.0,271.797767158598,-16.453125,8.0,1.0
7508.0,272.05319166556,-20.0,8.0,1.0
7509.0,272.40474367514304,-20.0,8.0,1.0
7510.0,272.756295684726,-20.453125,8.0,1.0
7511.0,272.804359436035,-24.0,8.0,1.0
7512.0,272.804359436035,-24.0,8.0,1.0
7513.0,272.500871177763,-24.453125,8.0,1.0
7514.0,272.45280742645303,-28.0,7.64453125,1.0
7515.0,272.149319168181,-27.546875,7.0,1.0
7516.0,272.10125541687,-24.453125,7.0,1.0
7517.0,271.797767158598,-27.09375,7.0,1.0
7518.0,271.446215149016,-20.453125,7.0,1.0
7519.0,271.398151397705,-24.0,7.0,1.0
7520.0,271.398151397705,-24.453125,7.0,1.0
7521.0,271.701639655978,-28.0,7.0,1.0
7522.0,271.749703407288,-27.546875,7.0,1.0
7523.0,271.749703407288,-24.0,7.0,1.0
7524.0,271.749703407288,-24.0,7.0,1.0
7525.0,271.749703407288,-23.546875,7.0,1.0
7526.0,271.446215149016,-19.09375,7.0,1.0
7527.0,271.398151397705,-13.359375,7.0,1.0
7528.0,271.701639655978,-23.546875,7.0,1.0
7529.0,272.05319166556,-19.546875,7.0,1.0
7530.0,272.10125541687,-16.453125,7.0,1.0
7531.0,272.40474367514304,-19.546875,7.0,1.0
7532.0,272.45280742645303,-16.453125,7.0,1.0
7533.0,272.756295684726,-20.453125,7.0,1.0
7534.0,272.804359436035,-24.453125,7.0,1.0
7535.0,273.107847694308,-27.546875,7.0,1.0
7536.0,273.15591144561796,-23.546875,7.0,1.0
7537.0,272.852423187346,-20.0,6.64453125,1.0
7538.0,272.500871177763,-19.546875,6.0,1.0
7539.0,272.45280742645303,-15.546875,6.35546875,1.0
7540.0,272.149319168181,-13.8125,7.0,1.0
7541.0,272.10125541687,-27.546875,7.0,1.0
7542.0,271.797767158598,-24.0,7.0,1.0
7543.0,271.749703407288,-24.0,7.0,1.0
7544.0,271.446215149016,-23.09375,7.0,1.0
7545.0,271.701639655978,-16.90625,7.0,1.0
7546.0,271.749703407288,-23.546875,7.0,1.0
7547.0,271.749703407288,-18.640625,7.35546875,1.0
7548.0,272.05319166556,-8.453125,8.0,1.0
7549.0,272.40474367514304,-12.453125,8.0,1.0
7550.0,272.756295684726,-15.546875,8.0,1.0
7551.0,273.41133595258,-12.0,8.0,1.0
7552.0,274.417928230017,-13.359375,8.0,1.0
7553.0,276.990025550127,-24.90625,8.35546875,1.0
7554.0,280.10592988506,-32.0,9.0,1.0
7555.0,283.876874487847,-31.546875,9.0,1.0
7556.0,287.74394659325503,-28.453125,9.0,1.0
7557.0,291.914506956935,-31.09375,9.35546875,1.0
7558.0,296.43661933019797,-24.90625,10.0,1.0
7559.0,301.00679545477,-32.0,10.0,1.0
7560.0,305.88045983761504,-32.453125,10.0,1.0
7561.0,311.105676230043,-36.453125,10.0,1.0
7562.0,316.075468115509,-39.546875,10.0,1.0
7563.0,320.69370799139097,-35.09375,10.35546875,1.0
7564.0,325.567372374237,-28.453125,11.0,1.0
7565.0,330.48910050839197,-32.453125,11.0,1.0
7566.0,335.410828642547,-36.453125,11.0,1.0
7567.0,340.63604503497504,-40.0,11.0,1.0
7568.0,345.60583692043997,-40.0,11.35546875,1.0
7569.0,349.920588538051,-40.0,12.0,1.0
7570.0,353.22874787822406,-39.09375,12.0,1.0
7571.0,355.78573944792197,-32.453125,12.0,1.0
7572.0,357.639626998454,-36.0,12.0,1.0
7573.0,358.48692227155,-36.453125,12.0,1.0
7574.0,359.493514548987,-40.453125,12.0,1.0
7575.0,0.253955848515034,-42.1875,12.0,1.0
7576.0,0.958528526127338,-28.453125,12.0,1.0
7577.0,1.0546560287475601,-32.0,12.0,1.0
7578.0,0.751167770475149,-32.453125,12.0,1.0
7579.0,1.00659227743745,-36.453125,11.64453125,1.0
7580.0,1.35814428701997,-39.546875,11.0,1.0
7581.0,1.4062080383300801,-36.453125,10.64453125,1.0
7582.0,1.70969629660249,-39.546875,9.64453125,1.0
7583.0,1.7577600479126,-36.90625,8.64453125,1.0
7584.0,1.7577600479126,-43.09375,7.64453125,1.0
7585.0,2.66822482272983,-36.0,6.64453125,1.0
7586.0,4.63334562629461,-36.0,6.0,1.0
7587.0,7.653122458606959,-36.453125,6.0,1.0
7588.0,12.334531836211697,-40.453125,6.0,1.0
7589.0,16.9527717120945,-43.546875,6.0,1.0
7590.0,21.826436094939698,-39.09375,5.64453125,1.0
7591.0,26.4446759708226,-32.453125,5.0,1.0
7592.0,31.0148520953953,-36.453125,5.0,1.0
7593.0,35.28153996169571,-39.546875,5.0,1.0
7594.0,39.1966758184135,-36.453125,5.0,1.0
7595.0,43.3672361820936,-39.546875,5.0,1.0
7596.0,47.585860297083904,-35.09375,5.0,1.0
7597.0,51.5009961538017,-28.90625,5.0,1.0
7598.0,55.368068259209394,-36.0,5.0,1.0
7599.0,59.2351403646171,-36.90625,5.0,1.0
7600.0,62.79872421175239,-43.09375,5.0,1.0
7601.0,65.7072677910328,-36.0,5.0,1.0
7602.0,68.2161956094205,-36.453125,5.0,1.0
7603.0,70.6770596764982,-40.453125,5.0,1.0
7604.0,72.530947227031,-43.546875,5.0,1.0
7605.0,74.28870727494359,-40.0,5.0,1.0
7606.0,75.74297906458379,-40.0,5.0,1.0
7607.0,76.542210586369,-40.90625,5.0,1.0
7608.0,76.94182634726171,-48.0,5.0,1.0
7609.0,77.2933783568442,-48.0,5.0,1.0
7610.0,77.6449303664267,-47.546875,5.0,1.0
7611.0,77.99648237600921,-43.09375,5.0,1.0
7612.0,78.0445461273194,-36.90625,5.0,1.0
7613.0,78.3480343855917,-43.546875,5.0,1.0
7614.0,78.396098136902,-40.0,5.0,1.0
7615.0,78.6995863951743,-40.0,5.0,1.0
7616.0,78.7476501464845,-40.0,5.0,1.0
7617.0,79.0511384047568,-40.0,5.0,1.0
7618.0,78.7957138977945,-40.0,5.0,1.0
7619.0,78.7476501464845,-40.453125,5.0,1.0
7620.0,78.7476501464845,-44.0,5.0,1.0
7621.0,78.44416188821201,-44.0,5.0,1.0
7622.0,78.6995863951743,-44.0,5.0,1.0
7623.0,78.7476501464845,-43.546875,4.64453125,1.0
7624.0,78.7476501464845,-40.0,4.0,1.0
7625.0,78.7476501464845,-40.0,4.0,1.0
7626.0,78.7476501464845,-40.0,4.0,1.0
7627.0,78.7476501464845,-40.0,4.0,1.0
7628.0,78.7476501464845,-40.0,3.64453125,1.0
7629.0,79.0511384047568,-40.0,3.0,1.0
7630.0,79.099202156067,-40.0,3.0,1.0
7631.0,79.099202156067,-40.453125,3.0,1.0
7632.0,79.099202156067,-44.0,3.0,1.0
7633.0,79.099202156067,-44.0,3.0,1.0
7634.0,79.099202156067,-44.0,3.0,1.0
7635.0,79.099202156067,-44.0,2.64453125,1.0
7636.0,79.099202156067,-44.0,2.0,1.0
7637.0,79.099202156067,-44.453125,2.0,1.0
7638.0,79.099202156067,-47.09375,2.0,1.0
7639.0,79.099202156067,-40.453125,1.64453125,1.0
7640.0,79.099202156067,-44.453125,1.0,1.0
7641.0,79.099202156067,-47.546875,1.0,1.0
7642.0,79.099202156067,-44.453125,1.0,1.0
7643.0,79.099202156067,-47.546875,1.0,1.0
7644.0,79.099202156067,-44.0,1.0,1.0
7645.0,79.099202156067,-44.0,1.0,1.0
7646.0,79.099202156067,-43.546875,1.0,1.0
7647.0,79.099202156067,-40.453125,1.0,1.0
7648.0,79.099202156067,-42.640625,1.0,1.0
7649.0,79.099202156067,-32.90625,1.0,1.0
7650.0,79.099202156067,-40.453125,1.0,1.0
7651.0,79.099202156067,-44.0,1.0,1.0
7652.0,79.099202156067,-43.546875,1.0,1.0
7653.0,79.099202156067,-40.90625,1.0,1.0
7654.0,79.099202156067,-47.546875,1.0,1.0
7655.0,79.099202156067,-44.453125,1.0,1.0
7656.0,79.099202156067,-48.0,1.0,1.0
7657.0,79.099202156067,-48.0,1.0,1.0
7658.0,79.099202156067,-48.0,1.0,1.0
7659.0,79.099202156067,-48.0,1.0,1.0
7660.0,166.503820538521,-48.90625,0.64453125,1.0
7661.0,180.346180915833,-56.0,0.0,1.0
7662.0,180.346180915833,-56.0,0.0,1.0
